method,budget,trial,wall_seconds,cpu_seconds,training_seconds,prediction_seconds,rss_before_bytes,rss_after_bytes,sampled_peak_rss_bytes,episodes_per_second,pool_predictions_per_second,query_predictions_per_second,exact_predictions,scope
Coordinate_RF,5,0,1.6546917000014219,1.484375,0.8932366000008187,0.33709929999895394,210448384,218755072,244551680,0.604342186522807,15708.0621121008,15212.5015191521,True,fixed-reference replay; source prior cached; profiler overhead included; RF-only fit/predict times
ASTRA_AGF,5,0,1.3941388000021107,1.375,0.8266854000030435,0.3212493000028189,217509888,219115520,244629504,0.7172886946396485,18643.767751073745,18055.591021469234,True,fixed-reference replay; source prior cached; profiler overhead included; RF-only fit/predict times
Coordinate_RF,25,0,1.5297491000019363,1.59375,0.8385319000008167,0.4266702000022633,217255936,220712960,254361600,0.6537019698189293,16991.02159953361,16402.689826696573,True,fixed-reference replay; source prior cached; profiler overhead included; RF-only fit/predict times
ASTRA_AGF,25,0,1.5175766999964253,1.59375,0.8864045000009355,0.3880958000008832,216211456,220774400,246329344,0.6589452776932827,17127.305657803805,16534.254907879847,True,fixed-reference replay; source prior cached; profiler overhead included; RF-only fit/predict times
Coordinate_RF,50,0,1.5533909000005224,1.65625,0.8592468999995617,0.42719709999801125,216174592,216985600,246489088,0.6437529664939222,16732.427105110026,16088.674138616105,True,fixed-reference replay; source prior cached; profiler overhead included; RF-only fit/predict times
ASTRA_AGF,50,0,1.5908636999956798,1.796875,0.9186709999994491,0.4371026000007987,216104960,217174016,248741888,0.6285893631256503,16338.294726361903,15709.705363236253,True,fixed-reference replay; source prior cached; profiler overhead included; RF-only fit/predict times
Coordinate_RF,100,0,1.591986100000213,1.84375,0.8250288999988697,0.49855419999948936,216264704,218603520,250773504,0.6281461879597229,16326.775717449118,15573.000291897451,True,fixed-reference replay; source prior cached; profiler overhead included; RF-only fit/predict times
ASTRA_AGF,100,0,1.637855100001616,1.984375,0.884922600002028,0.49727680000069086,217104384,218423296,256352256,0.6105546211011056,15869.535711659935,15136.87016633861,True,fixed-reference replay; source prior cached; profiler overhead included; RF-only fit/predict times
Coordinate_RF,200,0,1.6268213000003016,2.546875,0.8724875999978394,0.5281107999981032,217591808,218882048,259186688,0.6146956644837479,15977.169711261577,14993.656648087579,True,fixed-reference replay; source prior cached; profiler overhead included; RF-only fit/predict times
ASTRA_AGF,200,0,1.8618915999977617,2.4375,0.9842016999973566,0.6171444999999949,216391680,217288704,252923904,0.5370881956829292,13959.996382190697,13100.65526909801,True,fixed-reference replay; source prior cached; profiler overhead included; RF-only fit/predict times
