method,budget,true_class,predicted_class,count,row_normalized
EXP010,5,1,1,1133508,0.769732446013853
EXP010,5,1,2,252388,0.17138937932907783
EXP010,5,1,3,49332,0.033499932092896915
EXP010,5,1,4,37372,0.02537824256417221
EXP010,5,2,1,606326,0.35263812958008606
EXP010,5,2,2,777336,0.4520972432243806
EXP010,5,2,3,202232,0.11761777364196813
EXP010,5,2,4,133506,0.0776468535535652
EXP010,5,3,1,181360,0.1386544342507645
EXP010,5,3,2,244022,0.1865611620795107
EXP010,5,3,3,659161,0.5039457186544343
EXP010,5,3,4,223457,0.1708386850152905
EXP010,5,4,1,36209,0.06775636227544911
EXP010,5,4,2,67419,0.12615830838323353
EXP010,5,4,3,73503,0.1375430389221557
EXP010,5,4,4,357269,0.6685422904191617
EXPF,5,1,1,1019539,0.6923393997012087
EXPF,5,1,2,347774,0.23616324867581148
EXPF,5,1,3,64971,0.04411992394404455
EXPF,5,1,4,40316,0.027377427678935216
EXPF,5,2,1,592618,0.3446655810166337
EXPF,5,2,2,792741,0.4610567639874375
EXPF,5,2,3,210044,0.12216121902989414
EXPF,5,2,4,123997,0.07211643596603466
EXPF,5,3,1,175047,0.13382798165137616
EXPF,5,3,2,281198,0.21498318042813455
EXPF,5,3,3,681707,0.5211827217125382
EXPF,5,3,4,170048,0.13000611620795108
EXPF,5,4,1,41323,0.07732597305389222
EXPF,5,4,2,80866,0.15132110778443114
EXPF,5,4,3,94027,0.17594872754491017
EXPF,5,4,4,318184,0.5954041916167665
ASTRA_AGF,5,1,1,1025430,0.6963398071438273
ASTRA_AGF,5,1,2,360268,0.24464756213499933
ASTRA_AGF,5,1,3,39805,0.027030422382181177
ASTRA_AGF,5,1,4,47097,0.031982208338992256
ASTRA_AGF,5,2,1,359664,0.20917994649296265
ASTRA_AGF,5,2,2,1051133,0.6113370943352332
ASTRA_AGF,5,2,3,131285,0.0763551238804234
ASTRA_AGF,5,2,4,177318,0.10312783529138071
ASTRA_AGF,5,3,1,51278,0.03920336391437309
ASTRA_AGF,5,3,2,243533,0.18618730886850152
ASTRA_AGF,5,3,3,778521,0.5951995412844037
ASTRA_AGF,5,3,4,234668,0.17940978593272172
ASTRA_AGF,5,4,1,13969,0.026139595808383233
ASTRA_AGF,5,4,2,49367,0.09237836826347305
ASTRA_AGF,5,4,3,38266,0.0716055389221557
ASTRA_AGF,5,4,4,432798,0.8098764970059881
Coordinate_RF,5,1,1,1031155,0.700227488795328
Coordinate_RF,5,1,2,354184,0.24051609398343066
Coordinate_RF,5,1,3,39784,0.02701616189053375
Coordinate_RF,5,1,4,47477,0.03224025533070759
Coordinate_RF,5,2,1,363948,0.2116715133185995
Coordinate_RF,5,2,2,1045800,0.6082354309642899
Coordinate_RF,5,2,3,131655,0.0765703152262417
Coordinate_RF,5,2,4,177997,0.1035227404908689
Coordinate_RF,5,3,1,51639,0.03947935779816514
Coordinate_RF,5,3,2,242100,0.18509174311926604
Coordinate_RF,5,3,3,779437,0.5958998470948013
Coordinate_RF,5,3,4,234824,0.17952905198776758
Coordinate_RF,5,4,1,14092,0.026369760479041916
Coordinate_RF,5,4,2,48548,0.09084580838323353
Coordinate_RF,5,4,3,38395,0.07184693113772456
Coordinate_RF,5,4,4,433365,0.8109375
EXP010,25,1,1,1088954,0.7414912161241999
EXP010,25,1,2,304030,0.2070202914340188
EXP010,25,1,3,42631,0.029028326297153753
EXP010,25,1,4,32985,0.022460166144627536
EXP010,25,2,1,557302,0.32488166025416815
EXP010,25,2,2,926969,0.540380669231666
EXP010,25,2,3,123641,0.07207706657339397
EXP010,25,2,4,107488,0.06266060394077183
EXP010,25,3,1,167633,0.12855291411042946
EXP010,25,3,2,247813,0.19004064417177913
EXP010,25,3,3,717629,0.5503289877300613
EXP010,25,3,4,170925,0.13107745398773007
EXP010,25,4,1,29675,0.055948340874811466
EXP010,25,4,2,73143,0.13790158371040723
EXP010,25,4,3,79946,0.15072775263951735
EXP010,25,4,4,347636,0.6554223227752639
EXPF,25,1,1,1091791,0.7434229878796133
EXPF,25,1,2,296823,0.2021128966362522
EXPF,25,1,3,48901,0.03329769848835626
EXPF,25,1,4,31085,0.021166416995778294
EXPF,25,2,1,527249,0.3073621312813338
EXPF,25,2,2,953323,0.5557438498309433
EXPF,25,2,3,145042,0.08455287396525592
EXPF,25,2,4,89786,0.05234114492246706
EXPF,25,3,1,152627,0.117045245398773
EXPF,25,3,2,227054,0.17412116564417177
EXPF,25,3,3,800399,0.6138029141104294
EXPF,25,3,4,123920,0.09503067484662577
EXPF,25,4,1,31386,0.05917420814479638
EXPF,25,4,2,74174,0.13984539969834087
EXPF,25,4,3,74196,0.1398868778280543
EXPF,25,4,4,350644,0.6610935143288085
ASTRA_AGF,25,1,1,1103419,0.7513407326705707
ASTRA_AGF,25,1,2,266596,0.18153070951927006
ASTRA_AGF,25,1,3,54444,0.03707204139997276
ASTRA_AGF,25,1,4,44141,0.03005651641018657
ASTRA_AGF,25,2,1,358711,0.20911216042905445
ASTRA_AGF,25,2,2,1053069,0.6138912207065408
ASTRA_AGF,25,2,3,153284,0.08935758423691267
ASTRA_AGF,25,2,4,150336,0.08763903462749213
ASTRA_AGF,25,3,1,75806,0.058133435582822086
ASTRA_AGF,25,3,2,189675,0.14545628834355828
ASTRA_AGF,25,3,3,868360,0.665920245398773
ASTRA_AGF,25,3,4,170159,0.13049003067484663
ASTRA_AGF,25,4,1,13372,0.025211161387631974
ASTRA_AGF,25,4,2,47066,0.088736802413273
ASTRA_AGF,25,4,3,48069,0.09062782805429864
ASTRA_AGF,25,4,4,421893,0.7954242081447964
Coordinate_RF,25,1,1,1118943,0.7619113441372736
Coordinate_RF,25,1,2,250572,0.17061963775023833
Coordinate_RF,25,1,3,54897,0.03738049843388261
Coordinate_RF,25,1,4,44188,0.030088519678605475
Coordinate_RF,25,2,1,345313,0.20130173720415065
Coordinate_RF,25,2,2,1069454,0.6234429287629707
Coordinate_RF,25,2,3,151397,0.08825754925964789
Coordinate_RF,25,2,4,149236,0.08699778477323074
Coordinate_RF,25,3,1,77358,0.05932361963190184
Coordinate_RF,25,3,2,189688,0.14546625766871166
Coordinate_RF,25,3,3,867434,0.6652101226993865
Coordinate_RF,25,3,4,169520,0.13
Coordinate_RF,25,4,1,13182,0.024852941176470588
Coordinate_RF,25,4,2,47248,0.08907993966817496
Coordinate_RF,25,4,3,48034,0.09056184012066365
Coordinate_RF,25,4,4,421936,0.7955052790346908
EXP010,50,1,1,1101942,0.7528983328778355
EXP010,50,1,2,287689,0.1965625854058486
EXP010,50,1,3,40606,0.027743919103580213
EXP010,50,1,4,33363,0.02279516261273572
EXP010,50,2,1,557617,0.32601555191768006
EXP010,50,2,2,935104,0.5467165575304023
EXP010,50,2,3,109630,0.06409611786716557
EXP010,50,2,4,108049,0.0631717726847521
EXP010,50,3,1,167600,0.12902232486528098
EXP010,50,3,2,239555,0.18441493456505004
EXP010,50,3,3,720494,0.5546528098537337
EXP010,50,3,4,171351,0.13190993071593535
EXP010,50,4,1,28329,0.053918918918918916
EXP010,50,4,2,74790,0.1423486867148839
EXP010,50,4,3,71857,0.1367662733155691
EXP010,50,4,4,350424,0.6669661210506281
EXPF,50,1,1,1105691,0.755459825088822
EXPF,50,1,2,281007,0.19199713036348728
EXPF,50,1,3,47784,0.0326482645531566
EXPF,50,1,4,29118,0.019894779994534026
EXPF,50,2,1,520740,0.304455098222638
EXPF,50,2,2,967223,0.5654952057998129
EXPF,50,2,3,138999,0.08126695509822264
EXPF,50,2,4,83438,0.04878274087932647
EXPF,50,3,1,152960,0.117752117013087
EXPF,50,3,2,217175,0.16718629715165512
EXPF,50,3,3,809520,0.6231870669745958
EXPF,50,3,4,119345,0.09187451886066204
EXPF,50,4,1,30115,0.05731823372668443
EXPF,50,4,2,72608,0.13819566044918158
EXPF,50,4,3,66974,0.12747240197944423
EXPF,50,4,4,355703,0.6770137038446897
ASTRA_AGF,50,1,1,1140367,0.7791520907351736
ASTRA_AGF,50,1,2,221974,0.1516630226837934
ASTRA_AGF,50,1,3,59637,0.040746788740092924
ASTRA_AGF,50,1,4,41622,0.028438097840940146
ASTRA_AGF,50,2,1,336959,0.1970059635173059
ASTRA_AGF,50,2,2,1073967,0.6279039990645463
ASTRA_AGF,50,2,3,165048,0.09649672591206736
ASTRA_AGF,50,2,4,134426,0.07859331150608045
ASTRA_AGF,50,3,1,77822,0.05990916089299461
ASTRA_AGF,50,3,2,178534,0.1374395688991532
ASTRA_AGF,50,3,3,883254,0.6799491916859123
ASTRA_AGF,50,3,4,159390,0.12270207852193996
ASTRA_AGF,50,4,1,11958,0.022759802055576702
ASTRA_AGF,50,4,2,43866,0.08349067377236391
ASTRA_AGF,50,4,3,46733,0.08894746859535592
ASTRA_AGF,50,4,4,422843,0.8048020555767035
Coordinate_RF,50,1,1,1162013,0.7939416507242416
Coordinate_RF,50,1,2,199819,0.13652569007925663
Coordinate_RF,50,1,3,59727,0.04080828095107953
Coordinate_RF,50,1,4,42041,0.028724378245422247
Coordinate_RF,50,2,1,304695,0.17814253975678204
Coordinate_RF,50,2,2,1109982,0.6489604770813845
Coordinate_RF,50,2,3,161560,0.09445743685687559
Coordinate_RF,50,2,4,134163,0.0784395463049579
Coordinate_RF,50,3,1,79262,0.061017705927636647
Coordinate_RF,50,3,2,179471,0.13816089299461123
Coordinate_RF,50,3,3,881522,0.6786158583525789
Coordinate_RF,50,3,4,158745,0.12220554272517321
Coordinate_RF,50,4,1,11712,0.022291587362009896
Coordinate_RF,50,4,2,43944,0.08363913208983631
Coordinate_RF,50,4,3,46443,0.08839550818424058
Coordinate_RF,50,4,4,423301,0.8056737723639132
EXP010,100,1,1,1098585,0.7557684369840396
EXP010,100,1,2,282477,0.19432925151348376
EXP010,100,1,3,39444,0.02713538800220143
EXP010,100,1,4,33094,0.02276692350027518
EXP010,100,2,1,550828,0.3239402493530934
EXP010,100,2,2,940396,0.5530439896494942
EXP010,100,2,3,100918,0.0593495648082804
EXP010,100,2,4,108258,0.06366619618913197
EXP010,100,3,1,166619,0.1292622187742436
EXP010,100,3,2,234713,0.18208921644685802
EXP010,100,3,3,717274,0.5564577191621412
EXP010,100,3,4,170394,0.13219084561675717
EXP010,100,4,1,27623,0.053595265812960806
EXP010,100,4,2,74298,0.14415599534342258
EXP010,100,4,3,67631,0.13122041133100504
EXP010,100,4,4,345848,0.6710283275126115
EXPF,100,1,1,1103238,0.7589694551458448
EXPF,100,1,2,276246,0.1900426527242708
EXPF,100,1,3,46200,0.0317831590533847
EXPF,100,1,4,27916,0.019204733076499725
EXPF,100,2,1,515061,0.3029057868736768
EXPF,100,2,2,973811,0.5726952481768995
EXPF,100,2,3,130599,0.07680486944248412
EXPF,100,2,4,80929,0.04759409550693954
EXPF,100,3,1,152390,0.1182234290147401
EXPF,100,3,2,213586,0.16569899146625292
EXPF,100,3,3,808668,0.6273607447633824
EXPF,100,3,4,114356,0.08871683475562452
EXPF,100,4,1,30068,0.058339154055102836
EXPF,100,4,2,70851,0.13746798603026775
EXPF,100,4,3,62230,0.12074117190531626
EXPF,100,4,4,352251,0.6834516880093131
ASTRA_AGF,100,1,1,1156417,0.7955537974683544
ASTRA_AGF,100,1,2,198509,0.1365637039075399
ASTRA_AGF,100,1,3,60443,0.041581590533847
ASTRA_AGF,100,1,4,38231,0.026300908090258666
ASTRA_AGF,100,2,1,309392,0.18195248176899553
ASTRA_AGF,100,2,2,1111070,0.6534168430957422
ASTRA_AGF,100,2,3,160966,0.09466360856269113
ASTRA_AGF,100,2,4,118972,0.06996706657257117
ASTRA_AGF,100,3,1,75251,0.05837936384794414
ASTRA_AGF,100,3,2,173096,0.13428704422032584
ASTRA_AGF,100,3,3,890898,0.6911543832428239
ASTRA_AGF,100,3,4,149755,0.11617920868890613
ASTRA_AGF,100,4,1,11428,0.022173069460613117
ASTRA_AGF,100,4,2,40956,0.07946449359720606
ASTRA_AGF,100,4,3,42935,0.08330422972448584
ASTRA_AGF,100,4,4,420081,0.815058207217695
Coordinate_RF,100,1,1,1184454,0.8148417721518987
Coordinate_RF,100,1,2,171166,0.11775316455696203
Coordinate_RF,100,1,3,59215,0.040736791414419375
Coordinate_RF,100,1,4,38765,0.026668271876719867
Coordinate_RF,100,2,1,256957,0.15111561985415198
Coordinate_RF,100,2,2,1170634,0.6884462479416608
Coordinate_RF,100,2,3,154802,0.09103857915784522
Coordinate_RF,100,2,4,118007,0.06939955304634204
Coordinate_RF,100,3,1,77469,0.060100077579519004
Coordinate_RF,100,3,2,174425,0.1353180760279286
Coordinate_RF,100,3,3,888096,0.6889806051202483
Coordinate_RF,100,3,4,149010,0.11560124127230412
Coordinate_RF,100,4,1,11258,0.02184322856034148
Coordinate_RF,100,4,2,41331,0.08019208381839348
Coordinate_RF,100,4,3,42897,0.08323050058207218
Coordinate_RF,100,4,4,419914,0.8147341870391929
EXP010,200,1,1,1081974,0.7547251674107143
EXP010,200,1,2,280366,0.19556780133928572
EXP010,200,1,3,38676,0.026978236607142856
EXP010,200,1,4,32584,0.022728794642857143
EXP010,200,2,1,537739,0.3200065460604618
EXP010,200,2,2,939189,0.5589079980956915
EXP010,200,2,3,96121,0.05720126160437991
EXP010,200,2,4,107351,0.0638841942394668
EXP010,200,3,1,164046,0.12927186761229315
EXP010,200,3,2,229606,0.18093459416863672
EXP010,200,3,3,708201,0.5580780141843972
EXP010,200,3,4,167147,0.13171552403467296
EXP010,200,4,1,26091,0.052666532095276546
EXP010,200,4,2,71548,0.14442470730722648
EXP010,200,4,3,64494,0.130185708518369
EXP010,200,4,4,333267,0.672723052079128
EXPF,200,1,1,1087012,0.7582393973214285
EXPF,200,1,2,273863,0.19103166852678571
EXPF,200,1,3,45895,0.03201381138392857
EXPF,200,1,4,26830,0.018715122767857143
EXPF,200,2,1,501709,0.2985652225660557
EXPF,200,2,2,972276,0.5785979528683647
EXPF,200,2,3,128492,0.0764651273506308
EXPF,200,2,4,77923,0.04637169721494882
EXPF,200,3,1,150090,0.118274231678487
EXPF,200,3,2,206927,0.16306304176516942
EXPF,200,3,3,802703,0.6325476753349094
EXPF,200,3,4,109280,0.0861150512214342
EXPF,200,4,1,28428,0.05738393217601938
EXPF,200,4,2,67951,0.13716390795316916
EXPF,200,4,3,59313,0.11972749293500203
EXPF,200,4,4,339708,0.6857246669358095
ASTRA_AGF,200,1,1,1149326,0.8017061941964285
ASTRA_AGF,200,1,2,186283,0.12994070870535715
ASTRA_AGF,200,1,3,62098,0.043316127232142856
ASTRA_AGF,200,1,4,35893,0.02503696986607143
ASTRA_AGF,200,2,1,267694,0.1593037372054273
ASTRA_AGF,200,2,2,1143485,0.6804838133777672
ASTRA_AGF,200,2,3,162782,0.09687098309926208
ASTRA_AGF,200,2,4,106439,0.06334146631754345
ASTRA_AGF,200,3,1,69396,0.05468557919621749
ASTRA_AGF,200,3,2,162296,0.12789282899921198
ASTRA_AGF,200,3,3,903018,0.7115981087470449
ASTRA_AGF,200,3,4,134290,0.1058234830575256
ASTRA_AGF,200,4,1,9847,0.01987686717803795
ASTRA_AGF,200,4,2,36574,0.07382721033508276
ASTRA_AGF,200,4,3,39299,0.0793278159063383
ASTRA_AGF,200,4,4,409680,0.826968106580541
Coordinate_RF,200,1,1,1185691,0.8270724051339285
Coordinate_RF,200,1,2,151436,0.10563337053571428
Coordinate_RF,200,1,3,60510,0.04220842633928571
Coordinate_RF,200,1,4,35963,0.02508579799107143
Coordinate_RF,200,2,1,213496,0.12705070221375864
Coordinate_RF,200,2,2,1208987,0.7194638181385384
Coordinate_RF,200,2,3,153463,0.09132527969531064
Coordinate_RF,200,2,4,104454,0.06216019995239229
Coordinate_RF,200,3,1,72600,0.057210401891252954
Coordinate_RF,200,3,2,163717,0.12901260835303388
Coordinate_RF,200,3,3,899262,0.7086382978723405
Coordinate_RF,200,3,4,133421,0.10513869188337273
Coordinate_RF,200,4,1,10405,0.02100322971336294
Coordinate_RF,200,4,2,36441,0.07355874041178845
Coordinate_RF,200,4,3,39055,0.07883528461849011
Coordinate_RF,200,4,4,409499,0.8266027452563585
